-- phpMyAdmin SQL Dump
-- version 4.7.3
-- https://www.phpmyadmin.net/
--
-- Хост: localhost:3306
-- Время создания: Окт 05 2017 г., 14:01
-- Версия сервера: 5.5.57-cll
-- Версия PHP: 5.6.30

SET SQL_MODE = "NO_AUTO_VALUE_ON_ZERO";
SET AUTOCOMMIT = 0;
START TRANSACTION;
SET time_zone = "+00:00";


/*!40101 SET @OLD_CHARACTER_SET_CLIENT=@@CHARACTER_SET_CLIENT */;
/*!40101 SET @OLD_CHARACTER_SET_RESULTS=@@CHARACTER_SET_RESULTS */;
/*!40101 SET @OLD_COLLATION_CONNECTION=@@COLLATION_CONNECTION */;
/*!40101 SET NAMES utf8mb4 */;

--
-- База данных: `vetzoola_nd`
--

-- --------------------------------------------------------

--
-- Структура таблицы `analysis_blank`
--

CREATE TABLE `analysis_blank` (
  `id` int(11) NOT NULL,
  `animal_id` int(11) NOT NULL,
  `keeper` varchar(255) COLLATE utf8_unicode_ci NOT NULL,
  `doctor_id` int(11) NOT NULL,
  `glucose` double DEFAULT NULL,
  `creatinine` double DEFAULT NULL,
  `alt` double DEFAULT NULL,
  `ast` double DEFAULT NULL,
  `urea` double DEFAULT NULL,
  `lamilaza` double DEFAULT NULL,
  `calcium` double DEFAULT NULL,
  `total_protein` double DEFAULT NULL,
  `total_bilirubin` double DEFAULT NULL,
  `alkaline_phosphatase` double DEFAULT NULL,
  `phosphorus` double DEFAULT NULL,
  `date_publication` int(11) NOT NULL,
  `medical_mark` text COLLATE utf8_unicode_ci
) ENGINE=InnoDB DEFAULT CHARSET=utf8 COLLATE=utf8_unicode_ci;

--
-- Дамп данных таблицы `analysis_blank`
--

INSERT INTO `analysis_blank` (`id`, `animal_id`, `keeper`, `doctor_id`, `glucose`, `creatinine`, `alt`, `ast`, `urea`, `lamilaza`, `calcium`, `total_protein`, `total_bilirubin`, `alkaline_phosphatase`, `phosphorus`, `date_publication`, `medical_mark`) VALUES
(2, 3, 'Е.В.', 1, NULL, 142, 43, 30, 11, 846, 2.8, 83, 8.3, 8.29, 2, 1500980800, 'В исследуемом образце наблюдается увеличение альфа-амилазы, общего билирубина. Все остальные исследуемые показатели находятся в пределах физиологической нормы.'),
(3, 4, 'М.П.', 1, NULL, 226.8, 26.66, 30, 7.812, 800, 2.831, 66.79, 6.8, 33.17, 2.1, 1500996982, 'В исследуемом образце присутствует увеличение креатинина. Остальные исследуемые показатели находятся в пределах физиологической нормы.'),
(4, 5, 'Борис Л.', 1, NULL, 171.5, 56.66, 36.66, 11.7, 1136, 2.7, 72.51, 10.2, 41.46, 1.58, 1500997785, 'В исследуемом образце наблюдается увеличение креатинина, мочевины, альфа-амилазы, общего белка.'),
(5, 7, 'Леонович', 1, NULL, 158, 20, 23.33, 5.651, 770.3, 2.41, 69.5, 3.905, 24.88, 2.11, 1500997992, 'В исследуемом образце наблюдается увеличение креатинина.'),
(6, 8, 'Кузьмина И.В.', 1, NULL, 218.3, 46.66, 26.66, 11.96, 655.1, 2.79, 75.52, 6.5, 30.4, 2.16, 1501086233, ''),
(7, 9, 'А.', 1, NULL, 158.9, 86.33, 53.33, 4.8, 283.1, 2.71, 71.2, 19.81, 78.11, 1.586, 1501172135, 'В исследуемом образце наблюдается увеличение АЛТ, АСТ, общего билирубина, щелочной фосфатазы и креатинина.'),
(8, 13, 'З.П.', 1, NULL, 146.7, 40, 50, 7.142, 553.1, 2.38, 64.94, 12.3, 46.99, 1.89, 1501176794, 'В исследуемом образце крови увеличены креатинин, АСТ, общий билирубин'),
(9, 12, 'Р.', 1, NULL, 186.1, 59.99, 69.99, 11.88, 1132, 2.14, 71.33, 5.1, 22.11, 1.15, 1501176852, 'В исследуемом образце увеличены АСТ, альфа-амилаза.'),
(10, 11, 'Дмитрий', 1, NULL, 1016, 20, 0, 70.84, 1649, 1.99, 59.57, 6.7, 118.9, 1.157, 1501177039, 'В исследуемом образце присутствует увеличение креатинина, мочевины, альфа-амилазы, щелочной фосфатазы'),
(11, 10, 'С.П.', 1, NULL, 95.31, 43.33, 43.33, 5.282, 526.7, 2.36, 62.39, 10, 118.9, 2.08, 1501177074, 'В исследуемом образце присутствует незначительное увеличение АСТ, а также увеличение щелочной фосфатазы'),
(12, 14, '1', 1, NULL, 110, 33, 23, 5.3, 160.3, 2.48, 56.8, 5.9, 110.8, 1.561, 1501332437, 'В исследуемом образце вышеперечисленные показатели находятся в пределах физиологической нормы.'),
(13, 18, 'Маркевич', 1, NULL, 181.9, 216.6, 26.6, 14.4, 760, 1.96, 71.08, 15.8, 33.17, 1.438, 1501400589, 'В исследуемом образце увеличены АЛТ, мочевина, общий билирубин.'),
(14, 17, 'А1462965', 1, NULL, 122.9, 16.67, 20, 3.58, 622, 2.45, 58.55, 15.55, 69.1, 1.53, 1501400762, 'В исследуемом образце увеличены креатинин и общий билирубин'),
(15, 16, 'А.Д. ', 1, NULL, 291.2, 46.66, 16.67, 15.1, 651, 2.18, 75.17, 5.91, 38.7, 1.53, 1501400860, 'В исследуемом образце увеличены креатинин, мочевина.'),
(16, 15, 'И.В.', 1, 4.131, 336, 79.99, 69.99, 36.6, 526, 2.74, 69.54, 20.9, 22.11, 1.54, 1501401051, 'В исследуемом образце увеличены креатинин, АСТ, АЛТ, мочевина, общий билирубин.\r\nДополнительно было проведено исследование на наличие лактатдегидрогеназы. В исследуемом образце она составила 226.7 МЕ/л, что находится в пределах физиологической нормы'),
(17, 20, 'С.В.', 1, NULL, 102.8, 76.66, 36.66, 8, 1372, 2.73, 78.11, 11.3, 251.5, 1.67, 1501402593, 'В исследуемом образце увеличены АЛТ, альфа-амилаза, общий белок, общий билирубин, щелочная фосфатаза'),
(18, 19, 'Н.И.', 1, NULL, 182.7, 33.33, 33.33, 6.049, 1162, 2.78, 77.47, 5.8, 38.7, 1.31, 1501402759, 'В исследуемом образце увеличены альфа-амилаза.\r\nДополнительно исследовано наличие лактатдегидрогеназы, ее значение составило 268.1 МЕ/л, что является физиологической нормой'),
(19, 23, 'Юлия', 1, NULL, 118, 53.33, 56.66, 7.224, 685.4, 2.56, 70.4, 10, 83.11, 2.59, 1501505263, 'В исследуемом образце присутствует увеличение креатинина, АСТ, щелочной фосфатазы'),
(20, 22, 'Р.В.', 1, NULL, 230.8, 69.99, 56.66, 8.146, 951.4, 1.93, 81.82, 5.1, 19.35, 2.28, 1501505347, 'В исследуемом образце присутствует увеличение креатинина, АСТ, альфа-амилазы'),
(21, 21, 'А1463211', 1, NULL, 120.3, 66.66, 66.66, 7.224, 457.7, 2.481, 68.01, 10.6, 79.8, 2.67, 1501505379, 'В исследуемом образце присутствует увеличение креатинин, АСТ, общий билирубин, щелочная фосфатаза'),
(22, 24, 'Р', 1, NULL, 98.63, 40, 36.66, 7.981, 708.3, 2.31, 56.76, 5.61, 38.7, 1.609, 1501698441, ''),
(24, 25, 'Добровольская', 1, NULL, 84.96, 36.66, 20, 6.225, 312.7, 2.7, 45.25, 5.08, 41.46, 1.41, 1501698603, 'В исследуемом образце общий белок находится ниже физеологической нормы'),
(25, 26, 'Шевченко', 1, NULL, 162.8, 26.66, 20, 8.779, 586, 2.73, 62.9, 6.7, 24.88, 1.53, 1501698735, 'В исследуемом образце вышеперечисленные показатели находятся в пределах нормы.'),
(26, 35, 'Ольга', 1, NULL, 67.14, 146.7, 103.3, 6.81, 444.7, 1.967, 62.28, 6.577, 33.17, 2.127, 1502114045, 'В исследуемом образце увеличены АЛТ, АСТ, уменьшен кальций.'),
(27, 35, 'Ольга', 1, NULL, 67.14, 146.7, 103.3, 6.81, 444.7, 1.967, 62.28, 6.577, 33.17, 2.127, 1502114055, 'В исследуемом образце увеличены АЛТ, АСТ, уменьшен кальций.'),
(28, 34, 'М.', 1, 4.65, 195.3, 33.33, 36.66, 9.006, 704.5, 2.78, 60.47, 5.9, 24.88, 1.93, 1502114155, 'В исследуемом образце увеличен креатинин'),
(29, 33, 'Н', 1, 29.51, 339.6, 36.66, 46.66, 39.29, 181.1, 1.915, 51.09, 12.6, 265.3, 3.392, 1502114172, 'В исследуемом образце увеличены креатинин, мочевина, глюкоза, щелочная фосфатаза, фосфор.\r\nСнижено количество кальция'),
(30, 31, '1', 1, NULL, 116, 273, 253, 22.4, 266.7, 2.36, 39.11, 28.36, 867.9, NULL, 1502114404, 'В исследуемом образце увеличены креатинин, мочевина, АЛТ, АСТ, общий билирубин, щелочная фосфатаза.\r\nСнижено количество общего белка'),
(31, 29, 'Жихарев', 1, 4.719, 128.2, 63.33, 40, 3.58, 395, 2.411, 62.58, 8.3, 63.57, 2.08, 1502115861, 'В исследуемом образце увеличено содержание креатинина.'),
(32, 28, 'Ингрида', 1, NULL, 153.1, 30, 43.33, 5.533, 467.5, 1.991, 51.16, 8.63, 69.1, 2.291, 1502116014, 'В исследуемом образце увеличены креатинин, АСТ (незначительно). Снижено содержание кальция.'),
(33, 27, 'Глушина Анна', 1, 4.3, 91.55, 63.33, 43.33, 9.36, 444.4, 2.51, 47.24, 9.1, 33.17, 1.28, 1502116087, 'В исследуемом образце увеличены мочевина, АСТ (незначительно). Снижено содержание общего белка.\r\n'),
(34, 37, 'Татьяна', 1, NULL, 71.76, 160, 36.66, 3.254, 362.1, 2.68, 48.74, 9.16, 348.3, 2.194, 1502384021, 'В исследуемом образце увеличены АЛТ, Щелочная фосфатаза\r\nСнижено содержание мочевины и общего белка'),
(35, 38, 'Ольга', 1, NULL, 167.4, 30, 93.32, 12.62, 1636, 2.308, 71.3, 29.05, 49.75, 1.101, 1502384188, 'В исследуемом образом увеличены креатинин, альфа-амилаза, мочевина, АСТ, общий билирубин'),
(36, 43, 'Иванова ', 1, NULL, 262.4, 53.33, 50, 7.797, 1004, 2.33, 63.66, 6.2, 11.06, 2.06, 1502571053, 'В исследуемом образце увеличены креатинин, АСТ и альфа-амилаза.'),
(37, 41, 'Ловкина', 1, NULL, 101.9, 56.66, 63.33, 8.978, 981, 2.48, 68.68, 10, 85.68, 1.31, 1502571151, 'В исследуемом образце увеличены АСТ, альфа-амилаза и щелочная фосфатаза.'),
(38, 40, 'Вячеслав', 1, NULL, 69.73, 50, 46.66, 8.3, 648.5, 2.291, 57.52, 3.49, 24.88, 2.7, 1502571255, 'В исследуемом образце незначительно увеличен АСТ'),
(39, 39, 'Татьяна', 1, NULL, 134.1, 76.66, 46.66, 8.3, 1011, 2.39, 63.28, 4.316, 33.17, 1.8, 1502571586, 'В исследуемом образце увеличены креатинин, АСТ, АЛТ, альфа-амилаза.'),
(40, 42, 'а1187208', 1, 16.62, 179.2, NULL, NULL, 20.12, 52.67, NULL, 59.75, 8.1, NULL, NULL, 1502571671, 'В исследуемом образце увеличены глюкоза и креатинин'),
(41, 46, 'Семенова', 1, 10.96, 502.7, 66.66, 53.3, 29.98, 819.7, 2.7, 61.7, 2.05, 69.1, 3.108, 1502728730, 'В исследуемом образце увеличены глюкоза, креатинин, АСТ, мочевина, альфа-амилаза, щелочная фосфатаза, фосфор'),
(42, 45, 'Липовка', 1, NULL, 106.2, 89.99, 46.66, 4.235, 661.7, 2.68, 73.71, 15, 757, 2.02, 1502728869, 'В исследуемом образце увеличены АЛТ, АСТ, общий белок, общий билирубин, щелочная фосфатаза'),
(43, 44, 'Бушуев', 1, NULL, 70.8, 96.66, 43.33, 4.218, 296, 2, 66.7, 5.5, 38.7, 1.89, 1502729002, 'В исследуемом образце увеличены АЛТ, АСТ. Снижено содержание мочевины и креатинина.\r\nНомер вашего лечащего доктора 80298919293.'),
(44, 47, 'Татьяна', 1, NULL, 254.9, 103.3, 549.9, 20.1, 665, 2.7, 79.01, 42.75, 35.9, 2.11, 1502729171, 'В исследуемом образце увеличены АЛТ, АСТ, креатинин, мочевина, общий билирубин'),
(45, 49, 'Андрей', 1, NULL, 370, 110, 16.6, 14, 1146, 2.3, 98, 56.3, 17, 1.7, 1503258249, ''),
(46, 50, 'С.В.', 1, NULL, 177, 75, 43, 7, 250, 2.3, 64.7, 34, 47, 154, 1503258325, ''),
(47, 51, 'Пугач', 1, NULL, 277, 99, 20, 8.9, 615, 1.9, 73, 3.1, 34, 97, 1503258812, ''),
(48, 52, 'Смирнова', 1, NULL, 202, 53, 20, 7.5, 902, 1.5, 79.5, 5.5, 34, 2.3, 1503258902, ''),
(49, 53, 'Я.И.', 1, NULL, 143, 246, 46.6, 4.3, 266, 2.3, 68.6, 22.8, 22, NULL, 1503258996, ''),
(50, 54, 'Екатерина', 1, NULL, 132.8, 26.66, 46.66, 6.734, 385.2, 2.371, 70.09, 5.11, 77.39, 1.85, 1503405401, 'В исследуемом образце увеличены креатинин, АСТ, щелочная фосфатаза.'),
(51, 54, '1.', 1, NULL, 132.8, 26.66, 46.66, 6.734, 385, 2.371, 70.09, 5.11, 77.39, 1.85, 1503471113, ''),
(52, 55, 'А.В.', 1, NULL, 115.4, 243.3, 89.99, 8.3, 289.7, 2.696, 65.44, 65.44, 188, 1.911, 1503471198, ''),
(53, 56, 'Бережкова', 1, NULL, 150.4, 33.33, 23.33, 10.65, 503.7, 2.742, 60.31, 6.166, 22.3, 2.089, 1503471357, ''),
(54, 57, 'Шек', 1, NULL, 97.82, 89.99, 26.66, 3.622, 319.3, 2.361, 65.44, 9.1, 13.82, NULL, 1503471559, 'Лактатдегидрогеназа - 201.1 (Н=17-193 МЕ/л).\r\nВ исследуемом образце увеличены АЛТ, лактатдегидрогеназа.'),
(55, 58, 'Липская Т.Ю.', 1, NULL, 153.7, 89.99, 56.66, 4.773, 813.8, 2.7, 65.44, 7.2, 160, 2.1, 1503471713, 'В исследуемом образце увеличены АЛТ, альфа-амилаза, общий билирубин, щелочная фосфатаза.'),
(56, 59, 'И.В.', 1, NULL, 107.7, 86.66, 50, 9.17, 519.13, 2.41, 82.17, 12.11, 63.57, 2.08, 1503471817, 'В исследуемом образце увеличены АЛТ, АСТ, общий белок, общий билирубин'),
(57, 60, 'В.В.', 1, NULL, 147.5, 53.33, 40, 10.11, 378.6, 1.568, 74.42, 7.1, 30.4, 1.09, 1503471955, 'В исследуемом образце увеличены АЛТ, общий билирубин. Снижено содержание кальция и фосфора'),
(58, 61, 'Минкевич', 1, NULL, 105, 79.99, 56.66, 9.7, 816.11, 1.887, 55.4, 11.1, 80.16, 1.16, 1503472067, 'В исследуемом образце увеличены АЛТ, АСТ, мочевина, альфа-амилаза, общий билирубин, щелочная фосфатаза.'),
(59, 62, 'Бенюк', 1, NULL, 234.9, 86, 46, 13.4, 665, 2.7, 78.1, 7.2, 110.8, 2.43, 1503546941, 'В исследуемом образце увеличены креатинин, АЛТ, АСТ, мочевина, о.билирубин, щелочная фосфатаза, фосфор'),
(60, 63, 'Полилейко', 1, 5.816, 903.2, 23, 16.6, 50, 846, 2.82, 65.44, 6.38, 16.58, NULL, 1503547186, '* содержание лактатдегидрогеназы: 89.05 МЕ\\л, что находится в пределах физиологической нормы.\r\nВ исследуемом образце критически увеличены креатинин, мочевина, незначительно увеличена альфа-амилаза. Обратить внимание на такой орган, как почки.'),
(61, 64, 'Ильюхин', 1, NULL, 177, 26, 16, 6.98, 1142, 2.7, 74.93, 5.12, 30, 1.15, 1503547258, 'В исследуемом образце увеличена альфа-амилаза.'),
(62, 67, 'Попцова', 1, NULL, 347, 40, 53, 30.8, 1883, 2.5, 88.7, NULL, 11, 1.3, 1503601470, ''),
(63, 66, 'Сороквашина', 1, NULL, 93, 46, 63, 7.4, 865, 7.4, 77.7, 7.5, 340, 1.2, 1503601521, ''),
(64, 65, 'Булавская', 1, NULL, 41, 46.6, 63.3, 2.1, 961, 2.2, 64.4, 9.2, 398, NULL, 1503601637, 'Лактатдегидрогеназа - 542 МЕ\\л (при норме 17-193)\r\n\r\nВ исследуемом образце увеличены АСТ, щелочная фосфатаза, лактатдегидрогеназа, альфа-амилаза. Уменьшено содержание мочевины'),
(65, 68, 'Бартасевич', 1, NULL, 173, 63.6, 35.5, 18.1, 1235, 3.3, 60, 5.5, 27.6, 1.5, 1503867677, 'В исследуемом образце увеличены мочевина, альфа-амилаза, кальций'),
(66, 69, 'Медведская', 1, NULL, 128, 33, 26, 8.5, 640, 2.5, 47.7, 5.7, 110, 1.3, 1503867791, 'В исследуемом образце увеличены креатинин, щелочная фосфатаза. Уменьшено содержание общего белка.\r\n'),
(67, 70, 'Машарский', 1, NULL, 137, 30, 13, 15.8, 332, 2.4, 65.9, 10.1, 200, 1.2, 1503867966, 'В исследуемом образце увеличены креатинин, мочевина, щелочная фосфатаза.'),
(68, 71, 'Осипенко Дарья', 1, NULL, 230, 20, 40, 20.1, 701, 3.2, 67.4, 3.4, 22.1, 1.2, 1503868066, 'В исследумом образце увеличено содержание креатинина, мочевины, кальция.'),
(69, 72, 'Кузнецова', 1, NULL, 101, 86.6, 45.5, 6.2, 306, 3, 74.7, 9.5, 1125, 1.2, 1503868207, 'В исследуемом образце увеличено содержание АЛТ, АСТ, кальция, общего белка и щелочной фосфатазы.'),
(70, 73, 'Васильев', 1, NULL, 185, 30, 26.6, 11.5, 553, 2.5, 79.2, 31.4, 30, 1.4, 1503868308, 'В исследуемом образце увеличено содержание креатинина, мочевины, общего белка и общего билирубина.'),
(71, 74, 'Ляхнович', 1, NULL, 115.6, 70, 46.6, 10.12, 263, 2.293, 68.34, 10.1, 69, 2.15, 1504071631, ''),
(72, 78, 'Юранов', 1, NULL, 71.76, 336, 63, 6.6, 289, 2.4, 59.5, 6.9, 71.8, NULL, 1504248425, 'Лактатдегидрогеназа - 218.3 (незначительно повышена)\r\n\r\nТакже увеличены содержание АСТ, АЛТ, щелочной фосфатазы. Рекомендуется обратиться внимание на работу печени. '),
(73, 77, 'Журавлёва', 1, NULL, 81.3, 46.66, 89, 5, 365, 2.3, 60, 8.4, 30.4, NULL, 1504248587, 'Лактатдегидрогеназа - 281 (содержание выше нормы)\r\nТак же увеличено содержание АСТ в крови. Рекомендуется подвергнуть дополнительным исследованиям такой орган, как сердце'),
(74, 75, 'Быкова', 1, NULL, 249.6, 76.66, 86, 15.39, 800, 1.99, 58.8, 11.5, 19.35, 2.19, 1504248754, 'Гаммаглутаминаминотрансфераза - 1.11 МЕ/л (в норме)\r\nСодержание АЛТ, АСТ, креатинина, мочевины увеличено. \r\nОбратить внимание на работу почек и печени, сердца'),
(75, 76, '1', 1, NULL, 199.7, 86.66, 56.66, 21.7, 460.9, 2.6, 84.7, 6.98, 41.46, 2.35, 1504248818, 'Рекомендуется обратиться внимание на работу почек и печени.'),
(76, 79, 'Москаленко', 1, NULL, 108, 96, 43, 12.8, 490, 2.74, 47, 9, 105, 3.11, 1504562286, 'Следует обратить внимание на функционирование почек и печени.'),
(77, 80, 'Чернова', 1, NULL, 97, 56, 26, 8, 247, 2.4, 66, 11, 38.7, NULL, 1504562412, ''),
(78, 81, 'А.А.', 1, NULL, 146, 46, 30, 4, 543, 2.7, 72.8, 12.8, 35.97, 2.89, 1504562529, 'Предположительно - снижение функционирования почек и печени в легкой степени.'),
(79, 82, 'Буйко', 1, NULL, 110, 69, 23, 13.8, 187.6, 2.149, 73, 9, 458, 2.96, 1504562640, 'обратить внимание на работу почек'),
(80, 57, 'Светлана', 1, NULL, 167, 73, 43, 8.779, 556, 2.11, 84, 6, 27, NULL, 1504562726, ''),
(81, 86, 'Коробов', 1, NULL, 162.3, 76, 66, 11, 349, 2.41, 57, 13.8, 96, 1.74, 1504711719, ''),
(82, 84, 'Жихарев', 1, NULL, 149.8, 123.3, 110, 3.8, 240, 2.7, 58, 20.8, 149, 2.67, 1504712021, 'Обратить внимание на работу почек и печени'),
(83, 85, 'Сидоренко', 1, NULL, 101, 30, 46.66, 6.3, 470.8, 2.4, 54.7, 8.1, 91.2, 2.66, 1504712890, ''),
(84, 87, 'Курчевская', 1, 5.7, 83, 46.66, 66, 13.7, 813, 2.297, 57.4, 8.1, 157.5, 2.11, 1504712968, ''),
(85, 88, 'Уланова', 1, NULL, 252.9, 66.66, 53.33, 8.6, 503.7, 1.97, 74, 7.8, 35.9, 2.21, 1504713036, ''),
(86, 89, 'Лясович', 1, NULL, 649, 76.66, 26.6, 43, 1343, 2.1, 59.6, 7.1, 79, 2.48, 1504886882, ''),
(87, 90, 'Давыденко Р.М.', 1, NULL, 203.2, 33.33, 6.66, 7, 892, 2.144, 82.7, 12.76, 66, 2.08, 1504893275, ''),
(88, 94, 'И.П.', 1, NULL, 144, 199, 56, 12, 309, 2.3, 77.29, 9.2, 13.8, 2.16, 1504893430, ''),
(89, 93, 'Борисевич', 1, NULL, 142.7, 83, 50, 11.37, 437, 2.1, 82, 7.1, 13.5, 1.64, 1504893486, ''),
(90, 92, 'Бужинский Сергей', 1, NULL, 129, 36.66, 26.66, 6.5, 1274, 2.41, 69, 7.6, 44, 1.26, 1504893564, ''),
(91, 91, 'Профилова Елена', 1, NULL, 210.5, 63, 30, 6.895, 941.5, 2.1, 73.55, 4.11, 35.93, 0.865, 1504893637, ''),
(92, 65, '.', 1, NULL, 102.8, 43, 73, 5.59, 836, 1.888, 65, 10.8, 1050, 1.6, 1504893722, ''),
(93, 99, 'Никитина', 1, NULL, 349, 76, 53, 35, 1112, 2.3, 70.8, 16.1, 179, 2.9, 1504977962, ''),
(94, 98, 'А.А.', 1, NULL, 277, 53, 183, 9.39, 655, 2, 60, 10, 8, 2.15, 1504978023, ''),
(95, 97, 'Виктор', 1, NULL, 83, 63, 150, 13, 201, 2.5, 71, 7, 63, 2.15, 1504978095, ''),
(96, 96, '1', 1, NULL, 88.5, 186, 133, 8, 964, 2.5, 68, 4.3, 107.8, 2.1, 1504978138, ''),
(97, 95, 'Хмельнова', 1, NULL, 230, 76, 43, 7.5, 368, 2.4, 79.8, 13, 52, 3.8, 1504978187, ''),
(98, 104, 'Шаханова Татьяна', 1, NULL, 116, 26, 23, 4.8, 484, 2.32, 56.7, 3, 41.46, 1.89, 1505385525, 'Необходимо исключить или подтвердить диагноз \"почечная недостаточность\"'),
(99, 103, 'Фролова Мария', 1, NULL, 231.9, 30, 16, 13, 750.6, 1.89, 70, 6.9, 47, NULL, 1505385637, 'Необходимо исключить или подтвердит диагноз \"почечная недостаточность\"'),
(100, 102, 'Яско', 1, NULL, 177, 30, 23, 11.45, 217, 2.294, 58.46, 7.4, 82.3, 1.85, 1505385686, ''),
(101, 101, 'Иваненко ', 1, NULL, 111.8, 46, 36, 4.2, 1109, 2.3, 72.8, 5.9, 80, 2.08, 1505385729, ''),
(102, 100, 'Ульская', 1, NULL, 116.4, 30, 20, 5.1, 464, 1.972, 52.6, 4.7, 27.6, 1.266, 1505385771, ''),
(103, 109, 'Троцкая', 1, NULL, 198, 40, 13, 10.28, 846, 2.66, 71.3, 5.7, 8.29, 2.4, 1505415753, ''),
(104, 108, 'Борейко', 1, NULL, 79.9, 63, 6.6, 13.44, 454, 2.7, 54.68, 5.5, 152, 1.69, 1505415808, ''),
(105, 107, 'Мясникова', 1, NULL, 116, 103, 50, 13.96, 638.9, 2.38, 74.5, 12.8, 141, 1.9, 1505415913, 'Почечная недостаточность\r\nНарушение функции печени.\r\n'),
(106, 106, 'Шилова', 1, NULL, 91.55, 33.33, 20, 7.545, 342.4, 2.298, 47.12, 9.1, 130.8, 1.68, 1505416011, ''),
(107, 106, 'Шилова', 1, NULL, 91.55, 33.33, 20, 7.545, 342.4, 2.298, 47.12, 9.1, 130.8, 1.68, 1505416011, ''),
(108, 105, 'сдавали кровь на Ленина 14', 1, NULL, 280.8, 40, 153.3, 12.64, 671.6, 1.9, 64, NULL, 8.29, 1.5, 1505416149, ''),
(109, 112, 'Борковская', 1, 3.822, 65.21, 96.66, 136.66, 8.2, 184.4, 2.296, 57.2, 11.8, 152, 1.68, 1505575133, ''),
(110, 110, 'Татьтяна и Ольга', 1, NULL, 2348, 123.3, 283.3, 70.29, 1389, 2.46, 45.2, 14.11, 132.7, 1.712, 1505575282, ''),
(111, 113, 'Литвинчик', 1, NULL, 799.15, 86.16, 40, 28.65, 559.6, 2.15, 60.4, 17.8, 128.6, 2.57, 1505575438, ''),
(112, 124, 'Харашкевич', 1, NULL, 389.4, 46.66, 110, 22.53, 704.5, 2.64, 69.8, 3.49, 19.35, 2.3, 1505576719, ''),
(113, 117, 'Зорина', 1, NULL, 169.9, 30, 96.66, 3.854, 431.3, 2.76, 68.3, 4.8, 69.8, 2.1, 1505576953, ''),
(114, 123, 'Прашкевич', 1, NULL, 102.8, 6.66, 23.33, 6.505, 780.2, 2.6, 60.11, 4.7, 22.11, 2.16, 1505577425, 'Почки функционируют хорошо'),
(115, 122, 'Виктория и Алексей', 1, NULL, 77.18, 96.66, 73.33, 11.89, 786.8, 2.38, 54.7, 12, 58.04, 1.69, 1505577517, ''),
(116, 119, 'Адриановская', 1, NULL, 162.8, 33.33, 56.66, 5.039, 532.6, 2.47, 70.1, 4.27, 212.8, 1.17, 1505577580, ''),
(117, 116, 'Василькова', 1, NULL, 123.9, 110, 33.33, 7.023, 395, 2.46, 70.8, 12.8, 93.98, 2.68, 1505577691, ''),
(118, 120, 'Игорь', 1, NULL, 59, 3.33, 43.33, 5.321, 559.6, 1.9, 58.5, 8.3, 168.6, 1.5, 1505577759, ''),
(119, 114, 'Кулага', 1, NULL, 1869, 23.33, 136.7, 86.36, 971.1, 2.31, 69.8, 20.3, 143.7, NULL, 1505577861, ''),
(120, 115, 'Бобкова', 1, NULL, 182.9, 56.66, 146.7, 11.49, 141.6, 1.3, 59.12, 42.8, 52.52, 2.9, 1505577962, ''),
(121, 125, 'Наталья', 1, NULL, 378, 63, 46.66, 25, 1113, 2.79, 80.6, 9.8, 78.6, 2.38, 1505751435, ''),
(122, 126, 'Светлана А.', 1, NULL, 183.6, 76.66, 69.99, 14.7, 820.8, 2.34, 70.6, 14.8, 120.3, 2.1, 1505751505, ''),
(123, 128, 'Медведев', 1, NULL, 189, 46.66, 33.33, 6.9, 954.7, 2.56, 67.28, 9.33, 19.35, NULL, 1505752049, ''),
(124, 127, 'Бондаренко', 1, NULL, 146, 23, 30, 9.66, 404, 2.3, 52.4, 5.75, 19.33, 2.46, 1505752153, ''),
(125, 129, 'Ровба', 1, NULL, 131.1, 76.66, 26.66, 6.844, 1238, 2.11, 66.78, 9.5, 66, 1.54, 1505752848, ''),
(126, 130, 'Усов Юрий ', 1, NULL, 91.55, 33.33, 59.99, 7.756, 1942, 1.794, 64.26, 21.58, 82.9, 1.954, 1505753067, 'Нарушение функции печени'),
(127, 131, 'Галина', 1, NULL, 688, 43, 23, 53, 898, 2.3, 66.78, 8.8, 19.35, 1.67, 1505753270, ''),
(128, 132, 'Полетаева', 1, 8.98, 164.8, 36.66, 46.66, 11.26, 625, 2.236, 68.29, 4.52, 19.35, 1.67, 1505753349, ''),
(129, 133, 'Лапса', 1, NULL, 92, 36, 23, 18.9, 727, 1.97, 61, 7.9, 8, 1.41, 1505933716, ''),
(130, 134, '1', 1, NULL, 127.4, 33, 23, 3.38, 596, 2.38, 69, 15, 30, 1.96, 1505933780, '\r\n'),
(131, 135, 'Кисова Елена', 1, NULL, 146.8, 160, 183.3, 7.528, 1119, 2.3, 49.14, 31.2, 1545, 2.01, 1505933857, ''),
(133, 138, 'Золотарева', 1, NULL, 115.4, 43, 33, 6, 395, 2.48, 55, 8, 102.3, 1.69, 1505934206, ''),
(134, 137, 'Морозова Инна', 1, NULL, 161.6, 30, 30, 7.528, 467.5, 2.297, 60.22, 8.8, 22.11, 1.98, 1505934278, 'ЛДГ - 56.67 (в пределах нормы).'),
(135, 139, 'Марина', 1, NULL, 78.67, NULL, NULL, 3.289, NULL, NULL, NULL, NULL, NULL, NULL, 1505998955, ''),
(136, 141, 'Дмитроченко Елена', 1, NULL, 150.8, 26.66, 66, 3.132, 381.9, 2.48, 61.7, 9.2, 38.7, 1.88, 1506004824, ''),
(137, 144, 'Китова', 1, NULL, 82.18, 113.3, 160, 6.01, 329.2, 2.47, 58.21, 11.6, 190.7, 1.86, 1506005097, ''),
(138, 143, '1.', 1, NULL, 676, 176.7, 233.3, 91.87, 1162, 1.88, 56.7, 8.8, 38.7, 3.08, 1506005242, ''),
(139, 142, '1.', 1, NULL, 1157, 36.66, 23.33, 116.5, 734, 1.98, 60.8, 8.86, 11.07, 2.58, 1506005833, ''),
(140, 150, 'Жанна', 1, NULL, 246, 59, 53, 10.4, 865.8, 2.78, 59.7, 14.1, 24.88, 2.28, 1506006676, ''),
(141, 149, 'Колесникова', 1, NULL, 85.97, 26.66, 30, 5.307, 329, 2.44, 59.7, 6.7, 16.58, 1.86, 1506063486, ''),
(142, 140, 'Кобяк И.А.', 1, NULL, 85.9, 26.6, 23, 3.674, 678.2, 2.5, 60.48, 9.49, 46.9, 1.98, 1506063637, ''),
(143, 147, 'Куриленко', 1, 6.447, 136.8, 46.66, 26.66, 11.66, 431.3, 2.298, 59.7, 11, 102.3, 1.97, 1506063770, ''),
(144, 145, 'Шило С.В.', 1, 5.6, 386, 40, 50, 8.9, 408, 2.15, 52.8, 14.8, 38.7, 2.1, 1506064662, ''),
(145, 154, 'Аржаник Е.', 1, NULL, 113.5, 73.33, 30, 6.945, 546.5, 2.39, 75.8, 17.1, 91.21, 2.8, 1506095958, ''),
(146, 153, 'Овсянина Ю.', 1, NULL, 172.9, 73.33, 20, 8.6, 240.3, 2.36, 70.1, 12.3, 63.57, 2.08, 1506096029, ''),
(147, 152, 'Субботин В.', 1, NULL, 85.65, 13.33, 23.33, 3.671, 714.4, 2.311, 70.1, 11.92, 30.4, 1.89, 1506096103, ''),
(148, 151, 'Арлович Е.Н.', 1, NULL, 194.1, 76.66, 26.66, 12.93, 806.5, 1.89, 70.71, 10.6, 5.5, 1.25, 1506096170, ''),
(149, 155, 'Покатова', 1, NULL, 86, 30, 46.66, 6.2, 480, 2.296, 67.28, 14.8, 78.11, 1.89, 1506178085, ''),
(150, 156, 'Гетманов', 1, NULL, 54.4, 59.99, 40, 0.8, 273, 1.98, 51.9, 26.3, 41.4, 1.17, 1506178448, ''),
(151, 158, 'Альшевская', 1, NULL, 127, 26.6, 59.9, 9.1, 691, 2.01, 72.5, 8.2, 5.5, 1.39, 1506191359, 'Возможна патология печени(из-за повышения АСТ и общего билирубина)'),
(152, 157, 'Кабылинская', 1, NULL, 104.4, 43, 23, 6.9, 812.1, 2.38, 71.5, 6.3, 60.8, 2.4, 1506191443, ''),
(153, 164, 'Петько', 1, NULL, 88.5, 33.33, 30, 3.276, 569.5, 2.64, 68.3, 4.7, 30.4, 2.161, 1506367476, ''),
(154, 159, 'Семченок Александр', 1, NULL, 120.4, 66.66, 23.22, 1.88, 302.9, 2.298, 52.11, 9.8, 102.2, 1.212, 1506367700, 'Обратить внимание на почки (увеличение креатинина и щелочной фосфатазы).\r\nИз всех печеночных показателей только снижение мочевины дает нам предпосылки подозревать заболевание этого органа. Поэтому стоит поговорить о рационе: мочевина может снижаться при низкобелковом кормлении.'),
(155, 160, 'Эрдман Андрей', 1, NULL, 112.1, 26.66, 13.33, 12.07, 618.9, 2.3, 52.3, 9.043, 16.58, 1.568, 1506368508, ''),
(156, 161, 'Кочерягина В.', 1, NULL, 205.3, 123.33, 43.33, 17.79, 1136, 1.9, 61.8, 7.81, 38.7, 1.763, 1506368592, ''),
(157, 162, 'Мартынюк М.П.', 1, NULL, 205.3, 36.66, 30, 12.57, 892.1, 2.69, 81.3, 13.41, 24.88, 1.551, 1506368659, ''),
(158, 163, 'Лукашок Светлана ', 1, NULL, 265.5, 26.66, 30, 22.93, 964.6, 2.71, 79.3, 6.783, 11.06, 2.246, 1506368722, ''),
(159, 165, 'Дамудь Станислав', 1, NULL, 244, 20, 33.33, 13.11, 839.5, 2.8, 84.44, 5.3, 8.29, 2.41, 1506522558, ''),
(160, 167, 'Право на жизнь', 1, NULL, 60.84, 23, 20, 1.96, 263, 2.41, 55.45, 12.1, 93.98, 1.76, 1506522621, ''),
(161, 166, 'Право на жизнь', 1, NULL, 119.6, 40, 33.33, 4.5, 539.9, 2.38, 64.45, 8, 80.16, 1.88, 1506522697, ''),
(162, 168, 'Право на жизнь', 1, NULL, 94.03, 20, 23, 4.075, 200.8, 2.5, 42.78, 9.8, 33.17, 1.9, 1506522763, ''),
(163, 169, 'Яблонская', 1, NULL, 432, 26.66, 13.33, 31.13, 888.8, 1.98, 82.6, 7.1, 33.17, 2.42, 1506607906, ''),
(164, 170, 'Гриньков', 1, NULL, 110, 50, 23.33, 6.03, 362.1, 2.124, 70.8, 8.6, 86.8, 1.99, 1506791986, ''),
(165, 171, 'Асташенок', 1, NULL, 94.88, 20, 16, 7.86, 385, 2.298, 86.14, 11.6, 11.06, 1.89, 1506803403, ''),
(166, 173, 'Когукина', 1, NULL, 202, 43, 26, 8, 599, 1.82, 103, 3.28, 27.6, 1.88, 1506803468, ''),
(167, 174, 'Никитина Анастасия', 1, NULL, 126.4, 9.99, 30, 5.9, 888.8, 2.045, 92.61, 12.14, 69.1, 1.89, 1506803527, ''),
(168, 175, 'Шаханова Татьяна', 1, NULL, 80.91, NULL, NULL, 3.486, NULL, NULL, NULL, NULL, NULL, NULL, 1506803585, ''),
(169, 178, 'Никитина Елена', 1, NULL, 75.86, 20, 16.67, 9.74, 204.1, 1.66, 58.9, 9.8, 160.3, 1.31, 1506803645, ''),
(170, 177, 'Фролова Мария', 1, NULL, 181.8, 46.66, 20, 6.48, 655.1, 2.07, 89.55, 4.72, 19.35, 1.67, 1506803745, ''),
(171, 179, 'Соболь', 1, NULL, 121, 56, 26, 3.281, 1406, 2.349, 76.9, 7.1, 22.11, 1.89, 1506803902, ''),
(172, 180, 'Хмельнова', 1, NULL, 164, 86, 33, 7.398, 286, 2.635, 66.37, 12.1, 13.8, 2.08, 1506803984, ''),
(173, 181, 'Васильева', 1, NULL, 146.7, 30, 33.33, 3.517, 688, 2.465, 66.7, 9.1, 22.11, 1.99, 1506804043, ''),
(174, 182, 'Бельская', 1, NULL, 85.6, 50, 30, 9.56, 599.1, 2.2, 68.2, 6.85, 35.9, 1.66, 1506804135, ''),
(175, 183, 'Смирнов Владислав', 1, NULL, 97, 166.7, 46, 3.08, 286.4, 2.297, 71.67, 11.2, 44.2, 1.99, 1506804195, ''),
(176, 184, 'Дубова', 1, NULL, 347.4, 40, 40, 32.48, 948.1, 2.393, 83.5, 7.6, 8.29, 1.89, 1506804247, ''),
(177, 185, 'Шумилкин', 1, NULL, 124.6, 20, 23.3, 9.924, 948.1, 2.37, 94.11, 9.8, 22.11, 1.98, 1506804308, ''),
(178, 186, 'Максимов Владислав', 1, NULL, 62.81, 89.99, 53.33, 9.07, 293.1, 2.355, 60.49, 4.9, 22.11, 1.89, 1506804390, ''),
(179, 190, 'Волкова Елена', 2, NULL, 132.8, 16.67, 9.99, 10.67, 377, 2.119, 67.54, 14.6, 38.7, 1.89, 1506975981, ''),
(180, 189, 'Чичинская Анастасия', 2, 6.5, 652.7, 93, 50, 48.44, 378.6, 1.872, 67.54, 2.87, 30.4, 2.31, 1506976150, ''),
(181, 188, 'Таскаев Михаил', 1, NULL, 2092, 40, 56.66, 55.9, 602.4, 1.417, 59.54, 11.1, 11.06, 2.68, 1506976228, ''),
(182, 187, 'Молявкин Евгений', 1, NULL, 449.3, 43, 53, 25, 1429, 1.463, 58, 8.427, 55.28, 2.51, 1506976384, ''),
(183, 191, 'Козлова', 3, NULL, 144.2, 33.33, 16.67, 4.44, 526.7, 1.994, 49.67, 9.9, 58.04, 1.206, 1507115236, '');

-- --------------------------------------------------------

--
-- Структура таблицы `analysis_standarts`
--

CREATE TABLE `analysis_standarts` (
  `id` int(11) NOT NULL,
  `animal_id` int(11) NOT NULL,
  `glucose_min` double NOT NULL,
  `creatinine_min` double NOT NULL,
  `alt_min` double NOT NULL,
  `ast_min` double NOT NULL,
  `urea_min` double NOT NULL,
  `lamilaza_min` double NOT NULL,
  `calcium_min` double NOT NULL,
  `total_protein_min` double NOT NULL,
  `total_bilirubin_min` double NOT NULL,
  `alkaline_phosphatase_min` double DEFAULT NULL,
  `phosphorus_min` double NOT NULL,
  `glucose_max` double NOT NULL,
  `creatinine_max` double NOT NULL,
  `alt_max` double NOT NULL,
  `ast_max` double NOT NULL,
  `urea_max` double NOT NULL,
  `lamilaza_max` double NOT NULL,
  `calcium_max` double NOT NULL,
  `total_protein_max` double NOT NULL,
  `total_bilirubin_max` double NOT NULL,
  `alkaline_phosphatase_max` double DEFAULT NULL,
  `phosphorus_max` double NOT NULL
) ENGINE=InnoDB DEFAULT CHARSET=utf8 COLLATE=utf8_unicode_ci;

--
-- Дамп данных таблицы `analysis_standarts`
--

INSERT INTO `analysis_standarts` (`id`, `animal_id`, `glucose_min`, `creatinine_min`, `alt_min`, `ast_min`, `urea_min`, `lamilaza_min`, `calcium_min`, `total_protein_min`, `total_bilirubin_min`, `alkaline_phosphatase_min`, `phosphorus_min`, `glucose_max`, `creatinine_max`, `alt_max`, `ast_max`, `urea_max`, `lamilaza_max`, `calcium_max`, `total_protein_max`, `total_bilirubin_max`, `alkaline_phosphatase_max`, `phosphorus_max`) VALUES
(1, 10, 3.33, 88.4, 28, 12, 5.4, 200, 1.79, 58, 0, 0, 1.1, 7.21, 194.48, 76, 40, 12.1, 800, 2.84, 85, 6.84, 62, 2.3),
(2, 20, 3.33, 44.2, 6, 10, 3.5, 200, 2.295, 50, 0, 8, 1.13, 6.38, 114.92, 70, 43, 9.2, 800, 2.765, 72, 10.26, 76, 3),
(3, 30, 6.1, 44.2, 25, 5, 14, 0, 2.4, 54, 3.4, 19, 0.6, 15.9, 141.4, 60, 31, 40, 485, 4.2, 75, 8.5, 173, 2.7);

-- --------------------------------------------------------

--
-- Структура таблицы `animals`
--

CREATE TABLE `animals` (
  `id` int(11) NOT NULL,
  `name` varchar(255) COLLATE utf8_unicode_ci NOT NULL,
  `year` smallint(4) DEFAULT NULL,
  `category_id` int(11) NOT NULL
) ENGINE=InnoDB DEFAULT CHARSET=utf8 COLLATE=utf8_unicode_ci;

--
-- Дамп данных таблицы `animals`
--

INSERT INTO `animals` (`id`, `name`, `year`, `category_id`) VALUES
(1, 'Иисус', 1991, 10),
(2, 'Батон', 2001, 10),
(3, 'Филимон', NULL, 10),
(4, 'Рыжий', NULL, 10),
(5, 'Мэл', NULL, 20),
(6, 'Мэл', NULL, 20),
(7, 'Дори', NULL, 20),
(8, 'Марси', NULL, 10),
(9, 'Марта', NULL, 20),
(10, 'Алевтина', NULL, 20),
(11, 'Лиза', NULL, 10),
(12, 'Фея', NULL, 10),
(13, 'Рей', 2008, 20),
(14, 'Кролик', NULL, 30),
(15, 'Кеша', NULL, 10),
(16, 'Базилио', NULL, 10),
(17, 'Мила', NULL, 20),
(18, 'Сфинкс 11 лет', NULL, 10),
(19, 'Фаня', NULL, 10),
(20, 'Джулия', NULL, 20),
(21, 'Джина', NULL, 20),
(22, 'Федор', NULL, 10),
(23, 'Джеси', NULL, 20),
(24, 'Жорж', NULL, 20),
(25, 'Перс Т', NULL, 10),
(26, 'Тайсон', NULL, 10),
(27, 'Жуля', NULL, 20),
(28, 'Герда', NULL, 20),
(29, 'Рей', NULL, 20),
(30, 'Фокси', NULL, 10),
(31, 'Динара', NULL, 10),
(32, 'Зима', NULL, 10),
(33, 'Зима', NULL, 10),
(34, 'Парс', NULL, 10),
(35, 'Фр. Бульдог', NULL, 20),
(36, 'Фр. Бульдог', NULL, 20),
(37, 'Муха', NULL, 20),
(38, 'Вольт', 2010, 20),
(39, 'Мэл', NULL, 20),
(40, 'Бакс', NULL, 20),
(41, 'Бандит', NULL, 20),
(42, 'Плиня', NULL, 30),
(43, 'Тикара', NULL, 10),
(44, 'Филимон', 2017, 10),
(45, 'Джуля', NULL, 20),
(46, 'Мотька', NULL, 10),
(47, 'Муся', NULL, 10),
(48, 'Мартин', NULL, 10),
(49, 'Гузехвост', NULL, 10),
(50, 'Гучи', NULL, 10),
(51, 'Соня', NULL, 20),
(52, 'Марта', NULL, 10),
(53, 'Мила', NULL, 20),
(54, 'Харди', NULL, 20),
(55, 'Квинта', NULL, 20),
(56, 'Масяня', NULL, 10),
(57, 'Тоша', NULL, 20),
(58, 'Масик?', NULL, 10),
(59, 'Матильда', NULL, 20),
(60, 'Малек', NULL, 10),
(61, 'Мила', NULL, 20),
(62, 'Макс', NULL, 10),
(63, 'Нюша', NULL, 10),
(64, 'Сид', NULL, 10),
(65, 'Ози', NULL, 20),
(66, 'Соня', NULL, 10),
(67, 'Кузя', NULL, 10),
(68, 'Сеня', NULL, 10),
(69, 'Фред', NULL, 20),
(70, 'Ася', NULL, 20),
(71, 'Буся', NULL, 10),
(72, 'Иосиф', NULL, 20),
(73, 'Василиса', NULL, 20),
(74, 'Беатрис', NULL, 20),
(75, 'Элвис', NULL, 10),
(76, 'Маруся', NULL, 10),
(77, 'Альма', NULL, 20),
(78, 'Джонник', 2008, 20),
(79, 'Инга', NULL, 20),
(80, 'Мигель', NULL, 20),
(81, 'Рей', NULL, 20),
(82, 'Кайф', NULL, 20),
(83, 'Тоша', NULL, 10),
(84, 'Рей', NULL, 20),
(85, 'Барни', 2017, 20),
(86, 'Джулия', 2015, 20),
(87, 'Лилу', 2017, 20),
(88, 'Тимофей', NULL, 10),
(89, 'Белка', NULL, 20),
(90, 'Лиза', NULL, 10),
(91, 'Тигран', 2009, 10),
(92, 'Лабрадор', 2012, 20),
(93, 'Шарлиз', NULL, 10),
(94, 'Зигфрид', NULL, 20),
(95, 'Герда', NULL, 20),
(96, 'Шрек', NULL, 20),
(97, 'Боня', NULL, 20),
(98, 'Эльза', NULL, 10),
(99, 'Чак', NULL, 20),
(100, 'Кнопка', NULL, 20),
(101, 'Боня', NULL, 20),
(102, 'Эльза', NULL, 20),
(103, 'Ева', NULL, 10),
(104, 'Ника', NULL, 20),
(105, 'кот 3 года', NULL, 10),
(106, 'Граф', 2017, 20),
(107, 'Филимон', NULL, 20),
(108, 'Тая', NULL, 10),
(109, 'Белка', NULL, 10),
(110, 'Лия', NULL, 20),
(112, 'Персеи', NULL, 20),
(113, 'Гоша', 2007, 10),
(114, 'Диксон', NULL, 20),
(115, 'Бэтти', NULL, 20),
(116, 'Анфиса', NULL, 20),
(117, 'Маруся', NULL, 10),
(118, 'Миа', NULL, 10),
(119, 'Бомба', NULL, 20),
(120, 'Тося', NULL, 10),
(121, 'Маерс', NULL, 20),
(122, 'Маерс', NULL, 20),
(123, 'Барсик', 2012, 10),
(124, '-', NULL, 10),
(125, 'Морфиус', NULL, 10),
(126, 'Чапи', NULL, 20),
(127, 'Эрик', NULL, 20),
(128, 'Томас', NULL, 10),
(129, 'Тигра', 2017, 10),
(130, 'Потап', NULL, 10),
(131, 'Чарли', NULL, 20),
(132, 'Милашка', NULL, 10),
(133, 'Мурка', NULL, 10),
(134, 'Бэтман', NULL, 20),
(135, 'Рыжик', NULL, 10),
(136, 'Чак', NULL, 10),
(137, 'Лесли', 2012, 20),
(138, 'Ши-тцу (Нора?)', 2017, 20),
(139, 'Мишель', NULL, 20),
(140, 'Тэдди', NULL, 20),
(141, 'Глафира', NULL, 20),
(142, 'Муся', NULL, 10),
(143, 'Ваня 15 лет', NULL, 10),
(144, 'Кузя', NULL, 20),
(145, 'Дик', 2008, 20),
(146, 'Рыжик', NULL, 10),
(147, 'Жан Жак', 2017, 20),
(148, 'Малыш', NULL, 10),
(149, 'Бони', NULL, 20),
(150, 'Чак', NULL, 10),
(151, 'Киса', NULL, 10),
(152, 'Перчик', NULL, 20),
(153, 'Микки', NULL, 20),
(154, 'Джеки', NULL, 20),
(155, 'Ляля', NULL, 20),
(156, 'Бритни', NULL, 20),
(157, 'Оскар', NULL, 20),
(158, 'Максим', NULL, 10),
(159, 'Стеша', NULL, 20),
(160, 'Эмми', NULL, 20),
(161, 'Тимофей', NULL, 10),
(162, 'Алиса', NULL, 10),
(163, 'Марик', NULL, 10),
(164, 'Лакки', NULL, 20),
(165, 'Маша', NULL, 10),
(166, 'Жорик', NULL, 20),
(167, 'Маргоша', NULL, 20),
(168, 'Альма', NULL, 20),
(169, 'Максик', 2015, 10),
(170, 'Джек', 2011, 20),
(171, 'Нора', NULL, 20),
(172, 'Нора', NULL, 20),
(173, 'Тишка', NULL, 10),
(174, 'Джесси', 2015, 20),
(175, 'Ника', NULL, 20),
(176, 'Риллини', 2010, 20),
(177, 'Ева', NULL, 10),
(178, 'Римини', NULL, 20),
(179, 'Кеша', NULL, 10),
(180, 'Арчи', NULL, 20),
(181, 'Барс', NULL, 20),
(182, 'Барсик', NULL, 10),
(183, 'Гера', NULL, 20),
(184, 'Норка', NULL, 10),
(185, 'Кекс', NULL, 10),
(186, 'Жужа', NULL, 20),
(187, 'Димон', NULL, 10),
(188, 'Лавруша', NULL, 10),
(189, 'Лика', NULL, 20),
(190, 'Пебси', NULL, 20),
(191, 'Тэя', NULL, 20);

-- --------------------------------------------------------

--
-- Структура таблицы `animals_keepers`
--

CREATE TABLE `animals_keepers` (
  `id` int(11) NOT NULL,
  `animal_id` int(11) NOT NULL,
  `keeper` int(11) NOT NULL
) ENGINE=InnoDB DEFAULT CHARSET=utf8 COLLATE=utf8_unicode_ci;

-- --------------------------------------------------------

--
-- Структура таблицы `doctors`
--

CREATE TABLE `doctors` (
  `id` int(11) NOT NULL,
  `name` varchar(255) COLLATE utf8_unicode_ci NOT NULL,
  `lastname` varchar(255) COLLATE utf8_unicode_ci NOT NULL,
  `patronymic` varchar(255) COLLATE utf8_unicode_ci NOT NULL,
  `specialisation_id` int(11) NOT NULL,
  `avatar_id` int(11) DEFAULT NULL
) ENGINE=InnoDB DEFAULT CHARSET=utf8 COLLATE=utf8_unicode_ci;

--
-- Дамп данных таблицы `doctors`
--

INSERT INTO `doctors` (`id`, `name`, `lastname`, `patronymic`, `specialisation_id`, `avatar_id`) VALUES
(1, 'Анна', 'Осмаковская ', 'Геннадьевна', 30, NULL),
(2, 'Виталий ', 'Герасимов', 'Александрович', 20, NULL),
(3, 'Артем', 'Батурин', 'Викторович', 20, NULL),
(4, 'Виктор ', 'Ткачёв ', 'Владимирович', 20, NULL),
(5, 'Геннадий', 'Чертопалов', 'Петрович', 20, NULL);

-- --------------------------------------------------------

--
-- Структура таблицы `file_storage`
--

CREATE TABLE `file_storage` (
  `id` int(11) NOT NULL,
  `path` varchar(255) COLLATE utf8_unicode_ci NOT NULL,
  `type_id` smallint(6) NOT NULL
) ENGINE=InnoDB DEFAULT CHARSET=utf8 COLLATE=utf8_unicode_ci;

-- --------------------------------------------------------

--
-- Структура таблицы `keepers`
--

CREATE TABLE `keepers` (
  `id` int(11) NOT NULL,
  `name` varchar(255) COLLATE utf8_unicode_ci NOT NULL,
  `lastname` varchar(255) COLLATE utf8_unicode_ci NOT NULL,
  `patronymic` varchar(255) COLLATE utf8_unicode_ci NOT NULL
) ENGINE=InnoDB DEFAULT CHARSET=utf8 COLLATE=utf8_unicode_ci;

-- --------------------------------------------------------

--
-- Структура таблицы `migration`
--

CREATE TABLE `migration` (
  `version` varchar(180) COLLATE utf8_unicode_ci NOT NULL,
  `apply_time` int(11) DEFAULT NULL
) ENGINE=InnoDB DEFAULT CHARSET=utf8 COLLATE=utf8_unicode_ci;

--
-- Дамп данных таблицы `migration`
--

INSERT INTO `migration` (`version`, `apply_time`) VALUES
('m000000_000000_base', 1500894505),
('m170719_092041_create_file_storage_table', 1500894555),
('m170719_094204_create_doctors_table', 1500894555),
('m170719_095217_create_animals_table', 1500894555),
('m170719_100854_create_keepers_table', 1500894556),
('m170719_102659_create_analysis_blank_table', 1500894557),
('m170719_105018_create_analysis_standarts_table', 1500894557),
('m170724_100426_create_users_table', 1500894557);

-- --------------------------------------------------------

--
-- Структура таблицы `users`
--

CREATE TABLE `users` (
  `id` int(11) NOT NULL,
  `username` varchar(255) COLLATE utf8_unicode_ci NOT NULL,
  `auth_key` varchar(32) COLLATE utf8_unicode_ci NOT NULL,
  `password_hash` varchar(255) COLLATE utf8_unicode_ci NOT NULL,
  `password_reset_token` varchar(255) COLLATE utf8_unicode_ci DEFAULT NULL,
  `email` varchar(255) COLLATE utf8_unicode_ci NOT NULL,
  `status` smallint(6) NOT NULL DEFAULT '10',
  `created_at` int(11) NOT NULL,
  `updated_at` int(11) NOT NULL
) ENGINE=InnoDB DEFAULT CHARSET=utf8 COLLATE=utf8_unicode_ci;

--
-- Дамп данных таблицы `users`
--

INSERT INTO `users` (`id`, `username`, `auth_key`, `password_hash`, `password_reset_token`, `email`, `status`, `created_at`, `updated_at`) VALUES
(3, 'osmakovochka', 'n6ZZSAhl8qAOdTEsCpy8y7X30JZiamOi', '$2y$13$8D6TTNcHI.SK/z9ZluJ9i.FznwQjhbbh8MU9R4MqJPCs2VUrrV5z6', NULL, 'dekantis@gmail.com', 10, 1500895376, 1500895376);

--
-- Индексы сохранённых таблиц
--

--
-- Индексы таблицы `analysis_blank`
--
ALTER TABLE `analysis_blank`
  ADD PRIMARY KEY (`id`),
  ADD KEY `analysis_blank-animal` (`animal_id`),
  ADD KEY `analysis_blank-doctor` (`doctor_id`);

--
-- Индексы таблицы `analysis_standarts`
--
ALTER TABLE `analysis_standarts`
  ADD PRIMARY KEY (`id`);

--
-- Индексы таблицы `animals`
--
ALTER TABLE `animals`
  ADD PRIMARY KEY (`id`);

--
-- Индексы таблицы `animals_keepers`
--
ALTER TABLE `animals_keepers`
  ADD PRIMARY KEY (`id`),
  ADD KEY `animals_keepers-animal` (`animal_id`),
  ADD KEY `animals_keepers-keeper` (`keeper`);

--
-- Индексы таблицы `doctors`
--
ALTER TABLE `doctors`
  ADD PRIMARY KEY (`id`),
  ADD KEY `doctors-avatar` (`avatar_id`);

--
-- Индексы таблицы `file_storage`
--
ALTER TABLE `file_storage`
  ADD PRIMARY KEY (`id`);

--
-- Индексы таблицы `keepers`
--
ALTER TABLE `keepers`
  ADD PRIMARY KEY (`id`);

--
-- Индексы таблицы `migration`
--
ALTER TABLE `migration`
  ADD PRIMARY KEY (`version`);

--
-- Индексы таблицы `users`
--
ALTER TABLE `users`
  ADD PRIMARY KEY (`id`),
  ADD UNIQUE KEY `username` (`username`),
  ADD UNIQUE KEY `email` (`email`),
  ADD UNIQUE KEY `password_reset_token` (`password_reset_token`);

--
-- AUTO_INCREMENT для сохранённых таблиц
--

--
-- AUTO_INCREMENT для таблицы `analysis_blank`
--
ALTER TABLE `analysis_blank`
  MODIFY `id` int(11) NOT NULL AUTO_INCREMENT, AUTO_INCREMENT=184;
--
-- AUTO_INCREMENT для таблицы `analysis_standarts`
--
ALTER TABLE `analysis_standarts`
  MODIFY `id` int(11) NOT NULL AUTO_INCREMENT, AUTO_INCREMENT=4;
--
-- AUTO_INCREMENT для таблицы `animals`
--
ALTER TABLE `animals`
  MODIFY `id` int(11) NOT NULL AUTO_INCREMENT, AUTO_INCREMENT=192;
--
-- AUTO_INCREMENT для таблицы `animals_keepers`
--
ALTER TABLE `animals_keepers`
  MODIFY `id` int(11) NOT NULL AUTO_INCREMENT;
--
-- AUTO_INCREMENT для таблицы `doctors`
--
ALTER TABLE `doctors`
  MODIFY `id` int(11) NOT NULL AUTO_INCREMENT, AUTO_INCREMENT=6;
--
-- AUTO_INCREMENT для таблицы `file_storage`
--
ALTER TABLE `file_storage`
  MODIFY `id` int(11) NOT NULL AUTO_INCREMENT;
--
-- AUTO_INCREMENT для таблицы `keepers`
--
ALTER TABLE `keepers`
  MODIFY `id` int(11) NOT NULL AUTO_INCREMENT;
--
-- AUTO_INCREMENT для таблицы `users`
--
ALTER TABLE `users`
  MODIFY `id` int(11) NOT NULL AUTO_INCREMENT, AUTO_INCREMENT=4;
--
-- Ограничения внешнего ключа сохраненных таблиц
--

--
-- Ограничения внешнего ключа таблицы `analysis_blank`
--
ALTER TABLE `analysis_blank`
  ADD CONSTRAINT `analysis_blank-animal` FOREIGN KEY (`animal_id`) REFERENCES `animals` (`id`) ON DELETE CASCADE ON UPDATE CASCADE,
  ADD CONSTRAINT `analysis_blank-doctor` FOREIGN KEY (`doctor_id`) REFERENCES `doctors` (`id`) ON DELETE CASCADE ON UPDATE CASCADE;

--
-- Ограничения внешнего ключа таблицы `animals_keepers`
--
ALTER TABLE `animals_keepers`
  ADD CONSTRAINT `animals_keepers-animal` FOREIGN KEY (`animal_id`) REFERENCES `animals` (`id`) ON DELETE CASCADE ON UPDATE CASCADE,
  ADD CONSTRAINT `animals_keepers-keeper` FOREIGN KEY (`keeper`) REFERENCES `keepers` (`id`) ON DELETE CASCADE ON UPDATE CASCADE;

--
-- Ограничения внешнего ключа таблицы `doctors`
--
ALTER TABLE `doctors`
  ADD CONSTRAINT `doctors-avatar` FOREIGN KEY (`avatar_id`) REFERENCES `file_storage` (`id`) ON DELETE CASCADE ON UPDATE CASCADE;
COMMIT;

/*!40101 SET CHARACTER_SET_CLIENT=@OLD_CHARACTER_SET_CLIENT */;
/*!40101 SET CHARACTER_SET_RESULTS=@OLD_CHARACTER_SET_RESULTS */;
/*!40101 SET COLLATION_CONNECTION=@OLD_COLLATION_CONNECTION */;
